voter_name,first_vote,last_vote,career_contrary_sc,num_awards_voted,contrary_per_ballot,contrary_per_pick,num_picks_made
A. Sherrod Blakely,2014,2019,37.82063405793515,42,0.9004912870936941,0.04014929305513286,942
Aaron Falk,2014,2016,17.105291518442126,27,0.6335293154978565,0.02603545132182972,657
Adam Himmelsbach,2016,2022,18.506201682187186,32,0.5783188025683496,0.03269646940315757,566
Adrian Chavarria,2014,2016,11.48601804817127,13,0.8835398498593284,0.037536006693370164,306
Ailene Voisin,2017,2018,11.065154070868328,18,0.6147307817149071,0.029042399136137344,381
Al Iannazzone,2014,2016,6.358786935389939,12,0.5298989112824949,0.02483901146636695,256
Al McCoy,2014,2014,10.616140552270297,9,1.1795711724744775,0.04536812201824913,234
Alan Horton,2014,2016,16.573974918707915,27,0.613850922915108,0.02522675025678526,657
Amin Elhassan,2018,2020,19.4928136493315,27,0.7219560610863518,0.035964600829024904,542
Andre Aldridge,2015,2016,11.51372872581395,18,0.6396515958785528,0.02721921684589586,423
Andre Voigt,2019,2019,4.172770883695093,9,0.4636412092994548,0.021733181685911943,192
Andrew Sharp,2017,2019,16.1113714123241,27,0.5967174597157074,0.028117576635818674,573
Andy Larsen,2020,2020,6.245908925912702,9,0.6939898806569669,0.04003787773020963,156
Andy Vasquez,2014,2016,9.271299203076284,13,0.7131768617750988,0.029339554440114823,316
Anthony Chiang,2019,2022,20.09203582592627,36,0.5581121062757297,0.030304729752528313,663
Anthony Slater,2014,2022,37.89009299228022,63,0.6014300474965115,0.028403368060180078,1334
Antoine Bancharel,2020,2022,13.962549079873721,18,0.7756971711040956,0.04654183026624574,300
Antoni Daimiel,2017,2022,33.040863293877266,36,0.9178017581632574,0.05021407795422077,658
Antonio Harvey,2015,2016,12.019034185095656,13,0.9245410911612043,0.04046812856934564,297
Baxter Holmes,2014,2014,3.1135085361144084,5,0.6227017072228817,0.029652462248708652,105
Ben Golliver,2017,2018,12.499886636174097,18,0.6944381464541165,0.03280810140728109,381
Bill Land,2014,2016,19.95127923008119,27,0.7389362677807848,0.030367243881402117,657
Bill Oram,2014,2022,36.64579994876949,61,0.6007508188322868,0.02814577569029915,1302
Bill Reiter,2014,2022,26.482059986245336,45,0.588490221916563,0.02724491768132236,972
Bill Schoening,2014,2016,17.77700038129757,27,0.6584074215295396,0.027057839240939983,657
Bill Simmons,2014,2022,55.63192773859137,81,0.6868139226986589,0.03270542489041233,1701
Bill Wennington,2014,2016,11.112415168062194,12,0.9260345973385161,0.03440376213022351,323
Bill Worrell,2014,2016,15.22408958151892,13,1.1710838139629938,0.04585569151059916,332
Bob Cooney,2014,2015,11.57240881387223,14,0.8266006295623021,0.029902865152124623,387
Bob Fitzgerald,2014,2016,14.430241093996848,15,0.9620160729331232,0.04087886995466529,353
Bob Rathbun,2014,2016,21.225924307055873,27,0.7861453447057731,0.032307342933113964,657
Brad Townsend,2020,2021,10.52938080323478,18,0.58496560017971,0.032199941294295965,327
Brendan Brown,2014,2016,10.971645843436454,11,0.997422349403314,0.035278603998187955,311
Brent Barry,2017,2018,11.388877355866033,18,0.632715408659224,0.02989206655082948,381
Brett Dawson,2018,2018,4.724093626999121,9,0.5248992918887913,0.024350998077315056,194
Brian Davis,2014,2016,16.82355679964844,20,0.841177839982422,0.03192325768434239,527
Brian Lewis,2016,2021,17.44452640639674,32,0.5451414501998981,0.026920565441970277,648
Brian Mahoney,2016,2022,47.50356422790891,63,0.7540248290144271,0.03809427764868397,1247
Brian Scalabrine,2016,2016,3.643759395061818,4,0.9109398487654545,0.05605783684710489,65
Brian Sieman,2014,2016,14.560353914813795,20,0.7280176957406898,0.029654488624875346,491
Brian Wheeler,2014,2014,6.845818409970521,7,0.9779740585672173,0.03889669551119614,176
Brian Windhorst,2014,2022,53.192736878133346,81,0.6567004552855968,0.03127145025169509,1701
Callie Caplan,2022,2022,5.843233976061099,9,0.6492482195623444,0.04057801372264652,144
Calvin Watkins,2016,2017,7.366802698784522,12,0.6139002248987101,0.028664601940795804,257
Candace Buckner,2014,2016,19.09204293497303,23,0.8300888232596969,0.03252477501698983,587
Candace Parker,2020,2021,10.789467564766282,18,0.5994148647092379,0.032995313653719514,327
Casey Stern,2019,2020,13.526635152626207,18,0.751479730701456,0.03886964124317876,348
Cassidy Hubbarth,2018,2022,24.775298307661913,45,0.5505621846147092,0.028909332914424636,857
Cedric Maxwell,2014,2016,16.057355574324646,14,1.1469539695946176,0.04236769280824445,379
Charles Gardner,2014,2017,24.85947093109941,36,0.6905408591972058,0.02945434944443058,844
Chase Hughes,2018,2018,6.079603571565408,9,0.675511507951712,0.031338162740027875,194
Chris Broussard,2014,2022,57.642664898327986,81,0.7116378382509628,0.0338875161071887,1701
Chris Carrino,2014,2016,7.783522196878742,12,0.6486268497398952,0.03052361645834801,255
Chris Dempsey,2014,2016,14.344119330630265,21,0.6830533014585841,0.03559334821496344,403
Chris Denari,2014,2016,16.286800895854462,27,0.6032148479946097,0.024789651287449713,657
Chris Fedor,2020,2022,15.809041176321616,27,0.5855200435674672,0.03356484326182933,471
Chris Haynes,2014,2021,42.89854632987492,53,0.8094065345259418,0.039757688906278885,1079
Chris Herring,2022,2022,6.920643600475897,9,0.7689604000528774,0.048060025003304835,144
Chris Hine,2020,2020,6.589017049219247,9,0.7321130054688052,0.04223728877704645,156
Chris Kirschner,2020,2022,15.853585830569507,27,0.5871698455766484,0.03365941789929831,471
Chris Mannix,2014,2022,41.02556753503017,63,0.6511994846830186,0.03129333908087732,1311
Chris Marlowe,2014,2016,12.831008566673466,20,0.6415504283336733,0.023244580736727295,552
Chris Sasaki,2020,2020,4.943061084593411,9,0.5492290093992679,0.031686289003803915,156
Chris Sheridan,2014,2016,22.509229300012578,27,0.8336751592597251,0.034260622983276375,657
Chris Webber,2017,2018,14.669162767140406,18,0.8149534870633559,0.038501739546300276,381
Christos Tsaltas,2021,2022,19.540386806683824,18,1.085577044815768,0.062032973989472454,315
Chuck Cooperstein,2014,2016,9.87315844733064,14,0.70522560338076,0.028784718505337144,343
Chuck Swirsky,2014,2016,7.238188920207634,11,0.6580171745643303,0.028496806772471,254
Clifton Brown,2018,2018,3.990925317728892,9,0.44343614641432133,0.020571779988293258,194
Connor Letourneau,2018,2020,9.116160277106202,18,0.5064533487281223,0.026046172220303435,350
Coral Lu,2020,2020,6.704794688821336,9,0.7449771876468151,0.042979453133470104,156
Craig Ackerman,2014,2016,7.511174043413469,12,0.6259311702844558,0.02751345803448157,273
Daisuke Sugiura,2021,2022,8.987369119300311,18,0.49929828440557283,0.028531330537461305,315
Dan Devine,2020,2022,18.518024452652906,27,0.6858527575056632,0.03931640011178961,471
Dan Woike,2014,2016,13.60281871275194,21,0.6477532720358067,0.030706137049101447,443
Dante Marchitelli,2015,2016,8.670867974839076,11,0.7882607249853706,0.029796797164395452,291
Darnell Mayberry,2014,2015,9.552417420185064,15,0.6368278280123376,0.027137549489162114,352
Dave Campbell,2019,2019,4.368998027508455,9,0.48544422527871717,0.022755198059939866,192
Dave Johnson,2014,2016,13.642932023946871,19,0.7180490538919406,0.028721962155677624,475
Dave McMenamin,2014,2022,44.647822656031444,63,0.7086955977147849,0.033875434488642976,1318
Dave Pasch,2019,2022,24.138526369714132,36,0.6705146213809481,0.03640803374014198,663
David Aldridge,2014,2022,37.3523536079948,54,0.6917102519999037,0.03160097597969103,1182
David Cobb,2019,2019,6.751660319110158,9,0.7501844799011287,0.03516489749536541,192
David Mayo,2014,2016,18.104651087904557,22,0.8229386858138436,0.03181836746556161,569
David Steele,2014,2016,9.770605366519328,15,0.6513736911012885,0.026550558061193826,368
David Wesley,2016,2016,8.858531561298264,8,1.107316445162283,0.05336464795962809,166
Davide Chinellato,2017,2022,31.5040725885037,45,0.7000905019667489,0.03697661101937054,852
Dei Lynam,2014,2015,7.728063092507031,13,0.5944663917313101,0.023852046581811823,324
Dell Curry,2014,2016,7.928794645231661,12,0.6607328871026384,0.03905810170064858,203
Dennis Neumann,2014,2016,12.509392142772898,17,0.7358465966336999,0.028495198502899537,439
Dennis Scott,2017,2022,48.95769384519091,54,0.906623960096128,0.046894342763592826,1044
Diamond Leung,2014,2016,8.994736833468204,16,0.5621710520917628,0.02243076517074365,401
Diego Mart√≠nez Cabrera,2018,2022,31.664277344789898,45,0.7036506076619977,0.036947814871400114,857
Dominique Wilkins,2014,2014,8.692419973823323,9,0.9658244415359248,0.03714709390522788,234
Doris Burke,2015,2022,40.44927490740525,72,0.5617954848250729,0.02757278453129192,1467
Doug Collins,2017,2017,6.955089342476565,9,0.7727877047196183,0.03719299113623832,187
Doug Haller,2017,2017,4.64399405357835,9,0.5159993392864833,0.024834192799884223,187
Doug Smith,2014,2022,52.533252745142505,72,0.7296285103492015,0.03485949087268912,1507
Drew Hill,2022,2022,7.298279812051727,9,0.8109199791168585,0.05068249869480366,144
Duane Rankin,2019,2022,32.63761515536244,36,0.90660042098229,0.04922717218003385,663
Dwain Price,2014,2016,16.772333751372575,20,0.8386166875686287,0.03269460770248065,513
Eddie Johnson,2015,2016,10.918440042636963,14,0.7798885744740688,0.030669775400665625,356
Eddie Sefko,2014,2018,34.096043621972854,39,0.8742575287685347,0.03887804289848672,877
Elliott Teaford,2018,2018,6.163916029912564,9,0.6848795588791738,0.03177276304078641,194
Eric Collins,2016,2016,5.085530882213485,4,1.2713827205533712,0.06437380863561373,79
Eric Hasseltine,2014,2016,22.867133065336994,27,0.8469308542717405,0.034805377572811255,657
Eric Koreen,2022,2022,6.863685036125105,9,0.7626316706805673,0.04766447941753545,144
Eric Nehm,2022,2022,6.34312419928073,9,0.7047915776978589,0.044049473606116184,144
Eric Reid,2014,2016,6.230587941633739,9,0.6922875490704155,0.026626444195015978,234
Eric Smith,2014,2016,6.436162271254686,11,0.5851056610231532,0.024472099890702228,263
Eric Walden,2022,2022,6.066836674424054,9,0.6740929638248949,0.04213081023905593,144
Eric Woodyard,2019,2019,6.419562843175693,9,0.7132847603528547,0.033435223141540064,192
Erik Horne,2017,2020,16.67727809107845,27,0.6176769663362388,0.031172482413230746,535
Ernie Johnson,2014,2022,45.545955068027894,72,0.6325827092781652,0.030182872808500922,1509
Ethan Skolnick,2014,2016,8.654086057662614,15,0.5769390705108409,0.027214107099567966,318
Evan Barnes,2020,2021,11.414318996077132,18,0.6341288331153963,0.034906174299930065,327
Flavio Tranquillo,2017,2019,20.841126338445367,27,0.7718935680905692,0.03637194823463415,573
Fran Blinebury,2014,2017,27.300642783648392,36,0.7583511884346775,0.03234673315598151,844
Frank Isola,2014,2022,59.15275385570708,76,0.7783257086277248,0.03701674208742621,1598
Fred Katz,2019,2021,19.552541572375734,27,0.7241682063842865,0.03767349050554091,519
Fred McLeod,2014,2016,15.501260113601004,21,0.7381552435048098,0.028547440356539604,543
Gary Gerould,2014,2016,15.049221831578851,27,0.5573785863547722,0.022905969302250914,657
Gary Washburn,2014,2022,72.17560757007479,81,0.8910568835811702,0.04243128017053192,1701
George Blaha,2014,2016,19.274581171130848,23,0.8380252683100369,0.035172593377976,548
Gina Mizell,2018,2018,4.696904721997379,9,0.5218783024441532,0.02421084908246072,194
Glenn Consor,2014,2016,16.986598441679057,20,0.8493299220839529,0.03488007893568595,487
Grant Napear,2014,2016,17.348385639493795,27,0.6425328014627332,0.026405457594358896,657
Greg Anthony,2018,2022,38.76892051942801,43,0.9016028027773956,0.046653333958397124,831
Greg Logan,2018,2020,16.10763800747236,18,0.8948687781929089,0.046021822878492456,350
Guillermo Schutz,2019,2022,15.801013460279158,27,0.58522272075108,0.03116570702224686,507
Harris Stavrou,2022,2022,8.119736975060578,9,0.9021929972289531,0.05638706232680957,144
Howard Beck,2014,2022,51.98521375192896,81,0.6417927623694933,0.030561560112833015,1701
Hubie Brown,2014,2017,30.598390842286218,36,0.8499553011746172,0.036254017585647176,844
Ian Eagle,2014,2016,6.910433829166723,12,0.5758694857638936,0.02407816665214886,287
Ira Winderman,2014,2016,8.050733447435912,12,0.6708944539529926,0.027290621855714955,295
Israel Gutierrez,2014,2016,20.447457884375865,27,0.7573132549768838,0.031122462533296598,657
J Michael Falgoust,2017,2017,10.28789656481565,9,1.1430996183128501,0.05501548965142059,187
JA Adande,2014,2017,22.96983198207458,36,0.6380508883909606,0.02721544073705519,844
Jabari Young,2015,2015,5.174712311873506,7,0.7392446159819295,0.02827711645832517,183
Jack Armstrong,2014,2016,5.330275321813366,8,0.6662844152266707,0.023902579918445587,223
Jackie MacMullan,2017,2021,26.268427716043565,45,0.5837428381343014,0.02918714190671507,900
Jacques Monclar,2017,2017,8.519622297615946,9,0.9466246997351051,0.045559477527358,187
Jalen Rose,2017,2022,42.67227399092391,54,0.7902272961282206,0.040873825661804516,1044
Jamal Collier,2021,2021,3.8666002060980476,9,0.4296222451220053,0.022611697111684488,171
James Edwards III,2022,2022,8.320217389147295,9,0.9244685987941439,0.05777928742463399,144
James Owczarski,2021,2021,6.13309228465004,9,0.6814546982944489,0.03586603675233942,171
Jared Greenberg,2017,2022,36.02777690612679,54,0.6671810538171628,0.034509364852611864,1044
Jason Anderson,2019,2022,16.418177117783273,27,0.6080806339919731,0.03337027869468145,492
Jason Jackson,2014,2016,8.18731912797255,10,0.818731912797255,0.03671443555144641,223
Jason Jones,2014,2021,39.95192834031584,54,0.7398505248206637,0.033045432870401854,1209
Jason Kosmicki,2014,2016,19.802108307485028,20,0.9901054153742515,0.040166548291044685,493
Jason Lieser,2016,2016,3.739691479019834,4,0.9349228697549585,0.04856742180545239,77
Jason Lloyd,2014,2018,24.242821345482568,32,0.7575881670463303,0.03262829252420265,743
Jason Quick,2016,2022,26.609411007361405,33,0.8063457881018607,0.04203698421384108,633
Jeff McDonald,2014,2022,49.573264711609355,81,0.6120156137235723,0.02914360065350344,1701
Jeff Turner,2014,2016,11.805225001024969,15,0.7870150000683312,0.03534498503300889,334
Jeff Zillgitt,2014,2022,52.449800999440065,81,0.6475284074004947,0.03083468606669022,1701
Jerry Zgoda,2014,2018,28.225588659667693,45,0.6272353035481709,0.027192281945729955,1038
Jessica Camerato,2016,2016,3.7725713277770394,6,0.6287618879628399,0.030423962320782576,124
Jim Barnett,2014,2016,12.003681048704049,15,0.8002454032469366,0.031097619297160747,386
Jim Paschke,2014,2016,19.320343192597036,27,0.7155682663924828,0.02940691505722532,657
Jim Petersen,2014,2016,17.6689960314501,27,0.6544072604240777,0.026893449058523745,657
Jim Spanarkel,2016,2016,2.4149925510233237,4,0.6037481377558309,0.02118414518441512,114
Jody Genessy,2014,2016,19.113244946277906,27,0.7078979609732557,0.029091697026298182,657
Joe Cowley,2014,2020,23.642751800256445,28,0.8443839928663016,0.039273674086804725,602
Joe Freeman,2014,2021,29.673749445692444,48,0.6182031134519259,0.027273666769937907,1088
Joe Goodman,2014,2015,5.290885013694806,8,0.6613606267118507,0.025559830984032878,207
Joe Mussatto,2021,2022,11.110860173791378,18,0.6172700096550766,0.03527257198029009,315
Joe Vardon,2017,2022,35.23698388852812,45,0.7830440864117361,0.04145527516297426,850
Joel Meyers,2014,2016,17.419384050451814,27,0.6451623722389561,0.026513522146806415,657
John Denton,2014,2016,16.816695123546918,17,0.9892173602086423,0.04390782016591885,383
John Michael,2016,2016,2.943719511655317,6,0.4906199186092195,0.021177838213347604,139
John Reid,2014,2015,11.733029189991024,18,0.6518349549995013,0.025843676629936176,454
John Schuhmann,2017,2022,33.98886193070882,54,0.6294233690872004,0.032556381159682776,1044
Jon Barry,2014,2021,46.1462867571811,72,0.640920649405293,0.02963794910544708,1557
Jon Krawczynski,2016,2017,11.853709018038682,18,0.6585393898910379,0.030394125687278672,390
Jonathan Feigen,2014,2016,15.807403686454785,27,0.5854593957946217,0.024059975169641985,657
Jose Paneda,2014,2016,6.917864856692523,9,0.7686516507436136,0.02640406433852108,262
Josh Robbins,2019,2022,15.215929410445781,27,0.5635529411276216,0.030926685793588985,492
Justin Termine,2017,2022,35.017423746278155,54,0.6484708101162622,0.03354159362670321,1044
Justin Verrier,2017,2017,6.527053317962227,9,0.7252281464402475,0.03490402843830068,187
K.C. Johnson,2014,2022,29.290893337843634,48,0.6102269445384091,0.029379030429131026,997
Keith Pompey,2014,2022,64.37628635864174,75,0.8583504847818898,0.04074448503711502,1580
Kelly Iko,2019,2022,21.73196069924786,36,0.6036655749791072,0.03277822126583388,663
Ken Berger,2014,2016,18.624694046751916,27,0.689803483213034,0.028348088351220574,657
Kendrick Perkins,2022,2022,8.599975611734331,9,0.955552845748259,0.05972205285926619,144
Kennegh Lau,2019,2019,9.6327908967919,9,1.0703100996435444,0.05017078592079114,192
Kevin Arnovitz,2014,2022,64.2009200500866,81,0.792603951235637,0.03774304529693509,1701
Kevin Calabro,2014,2016,19.920771993122045,27,0.7378063701156313,0.030320809730779368,657
Kevin Ding,2014,2017,22.510883681266293,25,0.9004353472506517,0.036722485613811244,613
Kevin Harlan,2017,2022,34.41549896238242,54,0.6373240548589337,0.03296503732028968,1044
Kevin O'Connor,2017,2022,35.174669711025956,54,0.6513827724264066,0.0336922123668831,1044
Kevin Pelton,2018,2022,41.455565036008316,45,0.9212347785779625,0.048372888023346924,857
Khobi Price,2022,2022,6.506221782856069,9,0.722913531428452,0.04518209571427825,144
Kristen Ledlow,2017,2020,19.751875776393938,36,0.5486632160109427,0.027094479803009518,729
Kristian Winfield,2022,2022,7.021604561270574,9,0.7801782845856193,0.04876114278660121,144
Kurt Helin,2017,2022,32.541120927755976,54,0.6026133505139996,0.031169656061068942,1044
Kyle Goon,2021,2021,6.178387817305261,9,0.68648753525614,0.0361309229082179,171
Lang Whitaker,2014,2017,19.220413571124258,36,0.5339003769756738,0.022773001861521633,844
Lee Jenkins,2017,2018,10.994374358625311,18,0.6107985754791839,0.028856625613189794,381
Leo Rautins,2014,2016,6.864873597041409,9,0.7627637330046011,0.03010909472386583,228
Lisa Hsu,2019,2022,20.114628691791413,36,0.5587396858830949,0.030338806473290215,663
Lisa Shen Yang,2017,2018,11.369779410209775,18,0.6316544116783208,0.029841940709212006,381
Malik Rose,2015,2015,2.5595836419703883,4,0.6398959104925971,0.028439818244115424,90
Manny Navarro,2017,2018,14.049863910287984,18,0.7805479950159991,0.03687628322910232,381
Marc Berman,2014,2020,32.32902975752146,39,0.8289494809620888,0.03918670273638965,825
Marc Kestecher,2017,2022,35.10300975382625,54,0.6500557361819675,0.03362357256113625,1044
Marc Spears,2014,2017,24.96068246699011,36,0.6933522907497253,0.029574268325817665,844
Marc Stein,2014,2017,21.45378203172364,36,0.5959383897701012,0.025419173023369244,844
Marc Zumoff,2015,2016,8.492543326260623,12,0.707711943855052,0.030659001177836185,277
Marcelo Nogueira,2017,2017,9.563319478258958,9,1.0625910531398841,0.051140745873042556,187
Maria Taylor,2020,2021,14.146461297994417,18,0.7859145165552454,0.04326134953515112,327
Mark Boyle,2014,2016,17.49506413659629,27,0.6479653383924552,0.02662871253667624,657
Mark Followill,2014,2016,16.759850684338584,21,0.7980881278256469,0.03413411544671809,491
Mark Jackson,2017,2022,38.71031800350832,54,0.7168577408057096,0.03707884866236429,1044
Mark Jones,2019,2020,14.21149970152678,18,0.7895277611959322,0.040837642820479254,348
Mark Medina,2015,2022,36.9530149553925,54,0.6843150917665277,0.03418410264143617,1081
Marv Albert,2014,2021,38.54025491185836,63,0.6117500779660058,0.02813157292836377,1370
Mary Schmitt Boyer,2014,2014,4.978369215948675,9,0.5531521351054083,0.021275082119438782,234
Massimo Lopes Pegna,2019,2019,7.624987955131158,9,0.8472208839034621,0.039713478932974784,192
Matt Bullard,2014,2016,8.195496299304546,13,0.6304227922541958,0.02461109999791155,333
Matt Devlin,2014,2016,4.12384956461544,9,0.45820550717949327,0.01636448239926762,252
Matt Moore,2017,2017,7.147943411008445,9,0.7942159345564939,0.03822429631555318,187
Matt Pinto,2014,2016,13.139891085083285,18,0.7299939491712936,0.03055788624437973,430
Matt Velazquez,2018,2020,13.87963364397649,27,0.5140605053324626,0.025608180154938175,542
Matt Winer,2014,2022,49.35565885705138,81,0.6093291216919924,0.029015672461523447,1701
Mauricio Codocea,2021,2021,5.685107063471817,9,0.6316785626079796,0.03324624013726209,171
Max Haupt,2021,2021,11.707170764026811,9,1.3007967515585346,0.0684629869241334,171
Maxime Malet,2019,2020,12.521273885462325,18,0.6956263269701292,0.03598067208466185,348
Melissa Rohlin,2021,2022,10.63510980498079,18,0.5908394336100439,0.033762253349145364,315
Michael C. Wright,2021,2022,9.557269252391459,18,0.5309594029106366,0.030340537309179235,315
Michael Cage,2016,2016,4.453350378192053,5,0.8906700756384106,0.03774025744230553,118
Michael Grange,2017,2022,33.980777254757875,45,0.7551283834390639,0.038266641052655266,888
Michael Pina,2022,2022,9.615141071158916,9,1.0683490079065463,0.06677181299415914,144
Michael Smith,2014,2016,16.176101699528594,20,0.8088050849764297,0.030870423090703425,524
Michael Wallace,2014,2014,1.89466096137296,3,0.6315536537909866,0.017069017670026665,111
Michael Wilbon,2014,2022,55.51758715083184,81,0.6854023105040967,0.032638205262099845,1701
Michelle Beadle,2017,2019,17.520358599890596,27,0.6489021703663184,0.03052327282210905,574
Mike Breen,2014,2020,38.85635564704065,63,0.6167675499530262,0.028034888634228462,1386
Mike Crispino,2015,2016,8.048998907176877,7,1.1498569867395538,0.06144273974944181,131
Mike Fratello,2015,2016,16.422277078924452,18,0.912348726606914,0.03882335006837932,423
Mike Ganter,2018,2020,11.708046635035585,18,0.6504470352797547,0.03345156181438738,350
Mike Gorman,2014,2016,9.337671508268004,12,0.778139292355667,0.032763759678133345,285
Mike Greenberg,2022,2022,8.006748878354093,9,0.889638764261566,0.05560242276634787,144
Mike Inglis,2014,2016,7.703208574177783,8,0.9629010717722228,0.04303468477194292,179
Mike Monroe,2014,2016,16.975791055729346,27,0.6287330020640498,0.02583834255057739,657
Mike Rice,2014,2016,20.060381976497453,21,0.9552562845951168,0.040608060681168935,494
Mike Singer,2019,2022,16.072097577756818,27,0.5952628732502525,0.03170038969971759,507
Mike Tirico,2014,2016,17.237118803498085,27,0.6384118075369661,0.026236101679601345,657
Mirjam Swanson,2019,2021,16.614180212405095,27,0.6153400078668554,0.03201190792370924,519
Mitch Lawrence,2014,2014,8.073122994410056,9,0.8970136660455618,0.03450052561713699,234
Molly Sullivan,2015,2015,3.7504115260668107,4,0.9376028815167027,0.05208904897315015,72
Nate Taylor,2016,2017,11.855545818080229,13,0.9119650629292484,0.046130528475020346,257
NBA Fan Vote,2014,2021,13.701016214606593,12,1.1417513512172162,0.07919662551795718,173
Neil Funk,2014,2016,7.236563413429963,10,0.7236563413429963,0.025570895453816123,283
Nick Friedell,2014,2016,6.47131940832319,10,0.647131940832319,0.027893618139324092,232
Nick Kosmider,2020,2020,7.401715602011308,9,0.8224128446679231,0.04744689488468787,156
Nira Khurana,2017,2019,15.951738661580288,27,0.5908051356140848,0.027838985447784098,573
Ohm Youngmisuk,2022,2022,6.3957304302643845,9,0.7106367144738205,0.04441479465461378,144
Olgun Uluc,2019,2021,9.83169865314882,18,0.54620548073049,0.02708456929242099,363
Omari Sankofa II,2021,2021,4.451093815043203,9,0.49456597944924474,0.026029788392065514,171
Paul Coro,2014,2016,19.041194774172563,27,0.7052294360804653,0.02898203161974515,657
Paul Flannery,2017,2019,14.033163379827377,27,0.5197467918454584,0.02449068652674935,573
Paul Jones,2014,2016,8.386251533044872,11,0.7623865030040793,0.03465393195473088,242
Pete Pranica,2014,2016,18.548839051329715,27,0.6869940389381376,0.028232631737183735,657
Peter Botte,2015,2015,1.855682353597798,4,0.4639205883994495,0.016277915382436826,114
Phil Chenier,2014,2016,15.464256248779437,21,0.7363931547037827,0.031115203719878144,497
Rachel Nichols,2017,2021,24.365232917758927,45,0.5414496203946428,0.027072481019732142,900
Ralph Lawler,2014,2016,17.59091751063941,20,0.8795458755319705,0.03429028754510607,513
Ramona Shelburne,2015,2022,45.51708280210701,72,0.6321817055848196,0.031027322973488078,1467
Reggie Miller,2017,2019,20.36073960405928,27,0.7541014668170104,0.03553357697043504,573
Reid Forgrave,2019,2019,5.735443973862246,9,0.6372715526513607,0.02987210403053253,192
Remi Reverchon,2020,2022,15.27758321793485,18,0.8487546232186028,0.05092527739311617,300
Renjun Bao,2020,2022,13.078455997963227,18,0.7265808887757348,0.043594853326544086,300
Ric Bucher,2014,2022,70.11317035532839,81,0.865594695744795,0.041218795035466424,1701
Richard Walker,2017,2019,26.588693995138392,27,0.9847664442643849,0.04640260732135845,573
Rick Bonnell,2014,2016,17.618401717727014,26,0.6776308352971928,0.02841677696407583,620
Rob Mahoney,2018,2022,23.136849623451127,36,0.6426902673180869,0.03300549161690603,701
Rod Beard,2016,2020,26.203728639931214,43,0.6093890381379352,0.0300157258189361,873
Rod Boone,2014,2022,18.06967664891848,17,1.0629221558187343,0.05061534075327306,357
Ron Boone,2014,2016,19.00139458912345,27,0.7037553551527204,0.028921452951481658,657
Ron Tillery,2014,2018,36.34398610567658,45,0.8076441356817017,0.03501347409024719,1038
Rosalyn Gold-Onwude,2018,2019,8.97091820689909,18,0.4983843448277272,0.02324072074326189,386
Roy Parry,2021,2021,8.844534007795959,9,0.9827260008662176,0.051722421098221984,171
Royce Young,2016,2021,38.90395645032358,50,0.7780791290064716,0.038981920290905386,998
Rusty Simmons,2014,2016,10.518692967780161,17,0.6187466451635389,0.02850594300211426,369
Ryan Wolstat,2017,2021,17.06764949223122,27,0.6321351663789341,0.031032089985874943,550
Ryen Russillo,2022,2022,8.241082937395786,9,0.9156758819328652,0.057229742620804075,144
Sage Steele,2015,2017,17.364722375766835,27,0.643137865769142,0.028466757993060386,610
Sam Amick,2014,2022,45.6828915627838,81,0.5639863155899235,0.026856491218567785,1701
Sam Smith,2014,2016,23.10859412264681,27,0.8558738563943263,0.03517289820798601,657
Scott Agness,2019,2019,4.434321398644262,9,0.49270237762714025,0.0230954239512722,192
Scott Bordow,2018,2018,6.181149793643424,9,0.6867944215159361,0.03186159687445064,194
Scott Hastings,2014,2016,17.788135518508415,20,0.8894067759254207,0.03401173139294152,523
Scott Kushner,2021,2022,11.210225729824703,18,0.6227903183235947,0.03558801818991969,315
Scott Lauer,2015,2015,4.378616982260314,5,0.8757233964520628,0.030619699176645553,143
Sean Deveney,2014,2019,41.9072210976774,54,0.7760596499569888,0.03407091146152634,1230
Sean Grande,2014,2016,8.327071607742052,14,0.5947908291244323,0.022087723097459024,377
Sean Kelley,2014,2016,19.813198592115167,27,0.7338221700783395,0.030157075482671488,657
Seerat Sohi,2020,2022,22.693398622731127,27,0.840496245286338,0.0481813134240576,471
Sekou Smith,2017,2020,22.98427196174007,36,0.6384519989372242,0.031528493774677736,729
Shams Charania,2020,2022,20.103286040634924,27,0.7445661496531453,0.04268213596737776,471
Shaun Powell,2014,2022,21.59966353073244,36,0.5999906536314566,0.030637820610967998,705
Sherman Hamilton,2015,2016,5.091680975270656,6,0.8486134958784427,0.048034726181798645,106
Simone Sandri,2020,2021,10.998696748959732,18,0.6110387082755406,0.03363515825369949,327
Spero Dedes,2014,2014,1.6115120273112755,3,0.5371706757704252,0.012208424449327845,132
Stacey King,2014,2016,11.464184611439473,12,0.9553487176199561,0.041536900766085044,276
Stefan Bondy,2014,2021,28.643425086131977,39,0.7344467970803071,0.03381750305328451,847
Stephanie Ready,2014,2022,18.68597637620264,24,0.7785823490084433,0.033072524559650686,565
Stephen A. Smith,2020,2022,17.712803902461044,27,0.6560297741652238,0.037606802340681623,471
Steve Albert,2015,2015,2.2009345947729186,4,0.5502336486932297,0.03284977007123759,67
Steve Aschburner,2014,2022,50.82485559928517,81,0.6274673530775947,0.02987939776559975,1701
Steve Buckhantz,2014,2016,15.865664451783216,21,0.755507831037296,0.030987625882389094,512
Steve Holman,2014,2016,20.248816314759303,27,0.7499561598059001,0.030820116156406854,657
Steve Kerr,2014,2014,7.794081768070391,9,0.8660090853411545,0.03330804174389056,234
Steve Kyler,2017,2017,8.978078432112255,9,0.9975642702346951,0.04801111461022597,187
Steve Martin,2014,2016,16.59379347532178,19,0.8733575513327253,0.03285899698083521,505
Steve Popper,2014,2022,16.98809738684662,22,0.7721862448566644,0.037919860238496916,448
Steve Smith,2017,2022,32.21658826064956,54,0.5966034863083252,0.030858801015947852,1044
Taylor Rooks,2021,2022,11.012816064821557,18,0.6118231147123088,0.03496132084070336,315
Ted Davis,2014,2016,20.9638884313617,27,0.7764403122726555,0.03190850598380776,657
Thales Soares,2018,2018,7.0231877111590535,9,0.7803541901287837,0.036201998511129145,194
Tim Bontemps,2014,2022,37.07825708440312,44,0.8426876610091618,0.042423635108012725,874
Tim Capstraw,2014,2016,6.0665466867526,11,0.5515042442502364,0.02360524002627471,257
Tim Kempton,2014,2016,20.007883185954306,22,0.9094492357251958,0.039698180924512515,504
Tim MacMahon,2019,2019,4.94702413532785,9,0.5496693483697611,0.025765750704832554,192
Tim Reynolds,2016,2022,56.3931330935666,63,0.8951290967232793,0.04522304177511355,1247
Tim Roye,2014,2016,10.780610374037966,17,0.634153551413998,0.027019073619142773,399
TJ Manotoc,2017,2018,12.491482649166702,18,0.693971258287039,0.03278604369860027,381
Tom Heinsohn,2014,2016,10.122317996473132,12,0.8435264997060944,0.03419702025835518,296
Tom McGinnis,2016,2016,5.815692750812094,7,0.8308132501160134,0.036122315222435364,161
Tony Fiorentino,2014,2016,7.699575056818204,10,0.7699575056818204,0.032351155700916824,238
Tony Jones,2017,2021,21.370390522411665,27,0.7914959452745061,0.0387144755840791,552
Vince Ellis,2014,2016,16.145432733376083,22,0.7338833060625493,0.03023489275913124,534
Vincent Goodwill,2014,2022,43.58170700797925,64,0.6809641719996757,0.03420856123075294,1274
Walt Frazier,2014,2016,6.436077445116577,10,0.6436077445116577,0.03154939924076754,204
Weiping Zhang,2017,2019,18.854643837253377,27,0.6983201421204954,0.03290513758682963,573
Will Guillory,2018,2020,16.771337086939482,27,0.6211606328496104,0.03094342635966694,542
Xavier Vaution,2018,2018,6.027222230565826,9,0.6696913589517585,0.031068155827658896,194
Yoko Miyaji,2017,2022,24.44213640475559,45,0.5431585867723464,0.02868795352670844,852
Zach Harper,2019,2022,22.589871356988002,36,0.6274964265830001,0.034072204158352944,663
Zach Lowe,2014,2022,52.08115893271736,81,0.6429772707742883,0.030617965274966113,1701
